{
  "OSType": "",
  "Actions": {
    "OKActions": [],
    "AlarmActions": []
  },

  "MetricAlarmsTemplates": [
	{%- for each in targetGroups %}
    {
      "AlarmName": "{{ AlarmPrefix }}-{{ ELBType }}-{{ LBName }}-UnhealthyHostCount-0-TargetGropup-{{ each.TargetGroupSmallName }}-Severity:5",
      "AlarmDescription": "{{ ITSMActive }} - Alarm of UnhealthyHostCount for LB: {{ LBName }} and TargetGroup {{ each.TargetGroupSmallName }}",
      "ActionsEnabled": "True",
      "OKActions": [],
      "AlarmsActions": [],
      "MetricName": "UnHealthyHostCount",
      "Namespace": "AWS/ApplicationELB",
      "Statistic": "Maximum",
      "ExtendedStatistic": "",
      "Dimensions": [
        {
          "Name": "TargetGroup",
          "Value": "{{ each.TargetGroupName }}"
        },
        {
          "Name": "LoadBalancer",
          "Value": "{{ LBName_Dimension }}"
        }
      ],
      "Period": "300",
      "EvaluationPeriods": "6",
      "DatapointsToAlarm": "6",
      "Threshold": "0",
      "ComparisonOperator": "GreaterThanThreshold"
    }{% if not loop.last %},{% endif %}
	{%- endfor %}
  ]
}