{
  "OSType": "Windows",
  "Actions": {
    "OKActions": [],
    "AlarmActions": []
  },
  "MetricAlarmsTemplates": [
    {
      "AlarmName": "{{ AlarmPrefix }}-AutoScalingGroupName-{{ AutoScalingGroupName }}-MemoryUtilization-GreatherThan-95-Percent-Severity:3",
      "AlarmDescription": "{{ ITSMActive }} - Alarm of Memory Utilization Greather than 95 percent for at least one instance of AutoScalingGroupName: {{ AutoScalingGroupName }}",
      "ActionsEnabled": "True",
      "MetricName": "Memory % Committed Bytes In Use",
      "Namespace": "CWAgent",
      "Statistic": "Maximum",
      "ExtendedStatistic": "",
      "Dimensions": [
        {
          "Name": "AutoScalingGroupName",
          "Value": "{{ AutoScalingGroupName }}"
        }
      ],
      "Period": "300",
      "EvaluationPeriods": "6",
      "DatapointsToAlarm": "6",
      "Threshold": "95",
      "ComparisonOperator": "GreaterThanThreshold"
    }
  {% if disks|length > 0 %},{% endif %}
    {%- for disk in disks %}
    {
      "AlarmName": "{{ AlarmPrefix }}-AutoScalingGroupName-{{ AutoScalingGroupName }}-LogicalDiskFreeSpace-LessThan-10-Percent-Path-{{ disk.device }}-Severity:3",
      "AlarmDescription": "{{ ITSMActive }} - Alarm for Free Disck Space Less than 10 Percent for at least one of the instance of AutoScalingGroupName: {{ AutoScalingGroupName }}",
      "ActionsEnabled": "True",
      "OKActions": [],
      "AlarmsActions": [],
      "MetricName": "LogicalDisk % Free Space",
      "Namespace": "CWAgent",
      "Statistic": "Maximum",
      "ExtendedStatistic": "",
      "Dimensions": [
        {
          "Name": "AutoScalingGroupName",
          "Value": "{{ AutoScalingGroupName }}"
        },
        {
          "Name": "instance",
          "Value": "{{ disk.device }}"
        }
      ],
      "Period": "120",
      "EvaluationPeriods": "4",
      "DatapointsToAlarm": "4",
      "Threshold": "10",
      "ComparisonOperator": "LessThanThreshold"
    }{% if not loop.last %},{% endif %}
    {%- endfor %}
  ]
}