{
    "OSType": "Linux",
    "Actions": {
      "OKActions": [],
      "AlarmActions": []
    },
    "MetricAlarmsTemplates": [
      {
        "AlarmName": "{{ AlarmPrefix }}-AutoScalingGroupName-{{ AutoScalingGroupName }}-MemoryUtilization-95-Percent-Severity:3",
        "AlarmDescription": "{{ ITSMActive }} - Alarm of Memory Utilization Greather than 95 percent for at least one instance of AutoScalingGroup: {{ AutoScalingGroupName }}",
        "ActionsEnabled": "True",
        "MetricName": "mem_used_percent",
        "Namespace": "CWAgent",
        "Statistic": "Maximum",
        "ExtendedStatistic": "",
        "Dimensions": [
        {
          "Name": "AutoScalingGroupName",
          "Value": "{{ AutoScalingGroupName }}"
        }
        ],
        "Period": "300",
        "EvaluationPeriods": "6",
        "DatapointsToAlarm": "6",
        "Threshold": "95",
        "ComparisonOperator": "GreaterThanThreshold"
      }
  {% if disks|length > 0 %},{% endif %}
      {%- for disk in disks %}
      {
        "AlarmName": "{{ AlarmPrefix }}-AutoScalingGroupName-{{ AutoScalingGroupName }}-DiskUsedPercent-GreatherThan-90-Path-{{ disk.path }}-Severity:3",
        "AlarmDescription": "{{ ITSMActive }} - Alarm of Disk Utilization for at least one instance of AutoScalingGroup: {{ AutoScalingGroupName }}",
        "ActionsEnabled": "True",
        "OKActions": [],
        "AlarmsActions": [],
        "MetricName": "disk_used_percent",
        "Namespace": "CWAgent",
        "Statistic": "Maximum",
        "ExtendedStatistic": "",
        "Dimensions": [
          {
            "Name": "path",
            "Value": "{{ disk.path }}"
          },
          {
            "Name": "AutoScalingGroupName",
            "Value": "{{ AutoScalingGroupName }}"
          }
        ],
        "Period": "120",
        "EvaluationPeriods": "4",
        "DatapointsToAlarm": "4",
        "Threshold": "90",
        "ComparisonOperator": "GreaterThanThreshold"
      }{% if not loop.last %},{% endif %}
      {%- endfor %}
    ]
  }