{
  "OSType": "Windows",
  "Actions": {
    "OKActions": [
      ""
    ],
    "AlarmActions": [
      ""
    ]
  },
  "MetricAlarmsTemplates": [
    {
      "AlarmName": "{{ AlarmPrefix }}-EC2-{{ InstanceId }}-StatusCheckFailed-Severity:2",
      "AlarmDescription": "{{ ITSMActive }} - Alarm of Status Check Failed for instance: {{ InstanceId }}",
      "ActionsEnabled": "True",
      "MetricName": "StatusCheckFailed",
      "Namespace": "AWS/EC2",
      "Statistic": "Maximum",
      "ExtendedStatistic": "",
      "Dimensions": [
        {
          "Name": "InstanceId",
          "Value": "{{ InstanceId }}"
        }
      ],
      "Period": "60",
      "EvaluationPeriods": "5",
      "DatapointsToAlarm": "5",
      "Threshold": "0",
      "ComparisonOperator": "GreaterThanThreshold"
    },
    {
      "AlarmName": "{{ AlarmPrefix }}-EC2-{{ InstanceId }}-CPUUtilization-GreatherThan-90-Percent-Severity:3",
      "AlarmDescription": "{{ ITSMActive }} - Alarm of CPU Utilization Greather than 90 percent of instance: {{ InstanceId }}",
      "ActionsEnabled": "True",
      "MetricName": "CPUUtilization",
      "Namespace": "AWS/EC2",
      "Statistic": "Maximum",
      "ExtendedStatistic": "",
      "Dimensions": [
        {
          "Name": "InstanceId",
          "Value": "{{ InstanceId }}"
        }
      ],
      "Period": "300",
      "EvaluationPeriods": "6",
      "DatapointsToAlarm": "6",
      "Threshold": "90",
      "ComparisonOperator": "GreaterThanThreshold"
    },
    {
      "AlarmName": "{{ AlarmPrefix }}-EC2-{{ InstanceId }}-MemoryUtilization-GreatherThan-95-Percent-Severity:3",
      "AlarmDescription": "{{ ITSMActive }} - Alarm of Memory Utilization Greather than 95 percent of instance: {{ InstanceId }}",
      "ActionsEnabled": "True",
      "MetricName": "Memory % Committed Bytes In Use",
      "Namespace": "CWAgent",
      "Statistic": "Average",
      "ExtendedStatistic": "",
      "Dimensions": [
        {
          "Name": "InstanceId",
          "Value": "{{ InstanceId }}"
        },
        {% if IsPartOfAutoScaling %}
        {
          "Name": "AutoScalingGroupName",
          "Value": "{{ AutoScalingGroupName }}"
        },
        {% endif %}
        {
          "Name": "objectname",
          "Value": "Memory"
        }
      ],
      "Period": "300",
      "EvaluationPeriods": "6",
      "DatapointsToAlarm": "6",
      "Threshold": "95",
      "ComparisonOperator": "GreaterThanThreshold"
    }
  {% if disks|length > 0 %},{% endif %}
    {%- for disk in disks %}
    {
      "AlarmName": "{{ AlarmPrefix }}-EC2-{{ InstanceId }}-LogicalDiskFreeSpace-LessThan-10-Percent-Path-{{ disk.device }}-Severity:3",
      "AlarmDescription": "{{ ITSMActive }} - Alarm for Free Disck Space Less than 10 Percent of instance: {{ InstanceId }}",
      "ActionsEnabled": "True",
      "OKActions": [],
      "AlarmsActions": [],
      "MetricName": "LogicalDisk % Free Space",
      "Namespace": "CWAgent",
      "Statistic": "Average",
      "ExtendedStatistic": "",
      "Dimensions": [
        {% if IsPartOfAutoScaling %}
        {
          "Name": "AutoScalingGroupName",
          "Value": "{{ AutoScalingGroupName }}"
        },
        {% endif %}
        {
          "Name": "objectname",
          "Value": "LogicalDisk"
        },
        {
          "Name": "InstanceId",
          "Value": "{{ InstanceId }}"
        },
        {
          "Name": "instance",
          "Value": "{{ disk.device }}"
        }
      ],
      "Period": "120",
      "EvaluationPeriods": "4",
      "DatapointsToAlarm": "4",
      "Threshold": "10",
      "ComparisonOperator": "LessThanThreshold"
    }{% if not loop.last %},{% endif %}
    {%- endfor %}

  {% if MetricFilters|length > 0 %},{% endif %}

  {%- for each in MetricFilters %}
    {
      "AlarmName": "{{ AlarmPrefix }}-EC2-{{ InstanceId }}-Logs-MetricFilter-{{ each.FilterName }}",
      "AlarmDescription": "{{ ITSMActive }} - Alarm of Logs for metric Filter: {{ each.FilterName }}",
      "ActionsEnabled": "True",
      "OKActions": [],
      "AlarmsActions": [],
      "MetricName": "{{ each.MetricName }}",
      "Namespace": "{{ each.MetricNamespace }}",
      "Statistic": "Sum",
      "ExtendedStatistic": "",
      "Dimensions": [],
      "Period": "60",
      "EvaluationPeriods": "5",
      "DatapointsToAlarm": "5",
      "Threshold": "0",
      "ComparisonOperator": "GreaterThanThreshold"
    }{% if not loop.last %},{% endif %}
  {%- endfor %}
  ],
  "MetricFilters":
  []
}