{
    "OSType": "Linux",
    "Actions": {
      "OKActions": [
        ""
      ],
      "AlarmActions": [
        ""
      ]
    },
    "MetricAlarmsTemplates": [
      {
        "AlarmName": "{{ AlarmPrefix }}-EC2-{{ InstanceId }}-StatusCheckFailed-Severity:2",
        "AlarmDescription": "{{ ITSMActive }} - Alarm of Status Check Failed for instance: {{ InstanceId }}",
        "ActionsEnabled": "True",
        "MetricName": "StatusCheckFailed",
        "Namespace": "AWS/EC2",
        "Statistic": "Maximum",
        "ExtendedStatistic": "",
        "Dimensions": [
          {
            "Name": "InstanceId",
            "Value": "{{ InstanceId }}"
          }
        ],
        "Period": "60",
        "EvaluationPeriods": "5",
        "DatapointsToAlarm": "5",
        "Threshold": "0",
        "ComparisonOperator": "GreaterThanThreshold"
      },
      {
        "AlarmName": "{{ AlarmPrefix }}-EC2-{{ InstanceId }}-CPUUtilization-90-Percent-Severity:3",
        "AlarmDescription": "{{ ITSMActive }} - Alarm of CPU Utilization Greather than 90 percent of instance: {{ InstanceId }}",
        "ActionsEnabled": "True",
        "MetricName": "CPUUtilization",
        "Namespace": "AWS/EC2",
        "Statistic": "Maximum",
        "ExtendedStatistic": "",
        "Dimensions": [
          {
            "Name": "InstanceId",
            "Value": "{{ InstanceId }}"
          }
        ],
        "Period": "300",
        "EvaluationPeriods": "6",
        "DatapointsToAlarm": "6",
        "Threshold": "90",
        "ComparisonOperator": "GreaterThanThreshold"
      },
      {
        "AlarmName": "{{ AlarmPrefix }}-EC2-{{ InstanceId }}-MemoryUtilization-95-Percent-Severity:3",
        "AlarmDescription": "{{ ITSMActive }} - Alarm of Memory Utilization Greather than 95 percent of instance: {{ InstanceId }}",
        "ActionsEnabled": "True",
        "MetricName": "mem_used_percent",
        "Namespace": "CWAgent",
        "Statistic": "Average",
        "ExtendedStatistic": "",
        "Dimensions": [
        {% if IsPartOfAutoScaling %}
        {
          "Name": "AutoScalingGroupName",
          "Value": "{{ AutoScalingGroupName }}"
        },
        {% endif %}
        {
          "Name": "InstanceId",
          "Value": "{{ InstanceId }}"
        }
        ],
        "Period": "300",
        "EvaluationPeriods": "6",
        "DatapointsToAlarm": "6",
        "Threshold": "95",
        "ComparisonOperator": "GreaterThanThreshold"
      }
  {% if disks|length > 0 %},{% endif %}
      {%- for disk in disks %}
      {
        "AlarmName": "{{ AlarmPrefix }}-EC2-{{ InstanceId }}-DiskUsedPercent-GreatherThan-90-Path-{{ disk.path }}-Severity:3",
        "AlarmDescription": "{{ ITSMActive }} - Alarm of Disk Utilization of instance: {{ InstanceId }}",
        "ActionsEnabled": "True",
        "OKActions": [],
        "AlarmsActions": [],
        "MetricName": "disk_used_percent",
        "Namespace": "CWAgent",
        "Statistic": "Average",
        "ExtendedStatistic": "",
        "Dimensions": [
          {
            "Name": "path",
            "Value": "{{ disk.path }}"
          },
          {
            "Name": "fstype",
            "Value": "{{ disk.fstype }}"
          },
          {
            "Name": "device",
            "Value": "{{ disk.device }}"
          },
          {% if IsPartOfAutoScaling %}
          {
            "Name": "AutoScalingGroupName",
            "Value": "{{ AutoScalingGroupName }}"
          },
          {% endif %}
          {
            "Name": "InstanceId",
            "Value": "{{ InstanceId }}"
          }
        ],
        "Period": "120",
        "EvaluationPeriods": "4",
        "DatapointsToAlarm": "4",
        "Threshold": "90",
        "ComparisonOperator": "GreaterThanThreshold"
      }{% if not loop.last %},{% endif %}
      {%- endfor %}
    ],
    "MetricFilters":
    []
  }