{
  "OSType": "Linux",
  "Actions": {
    "OKActions": [
      "arn:aws:events:us-east-1:367923919544:event-bus/itau-ls-obs-eventbus"
    ],
    "AlarmActions": [
      "arn:aws:events:us-east-1:367923919544:event-bus/itau-ls-obs-eventbus"
    ]
  },
  "MetricAlarmsTemplates": [
    {
      "AlarmName": "ITAU_EC2_{{ InstanceId }}_CPUUtilization_80_Percent",
      "AlarmDescription": "Alarm of CPU Utilization Greather than 80 percent of instance: {{ InstanceId }}",
      "ActionsEnabled": "True",
      "MetricName": "CPUUtilization",
      "Namespace": "AWS/EC2",
      "Statistic": "Maximum",
      "ExtendedStatistic": "",
      "Dimensions": [
        {
          "Name": "InstanceId",
          "Value": "{{ InstanceId }}"
        }
      ],
      "Period": "60",
      "EvaluationPeriods": "2",
      "DatapointsToAlarm": "2",
      "Threshold": "80",
      "ComparisonOperator": "GreaterThanThreshold"
    },
    {
      "AlarmName": "ITAU_EC2_{{ InstanceId }}_MemoryUtilization_80_Percent",
      "AlarmDescription": "Alarm of Memory Utilization Greather than 80 percent of instance: {{ InstanceId }}",
      "ActionsEnabled": "True",
      "MetricName": "mem_used_percent",
      "Namespace": "CWAgent",
      "Statistic": "Average",
      "ExtendedStatistic": "",
      "Dimensions": [
        {
          "Name": "InstanceId",
          "Value": "{{ InstanceId }}"
        }
      ],
      "Period": "60",
      "EvaluationPeriods": "2",
      "DatapointsToAlarm": "2",
      "Threshold": "80",
      "ComparisonOperator": "GreaterThanThreshold"
    },
    {
      "AlarmName": "ITAU_EC2_{{ InstanceId }}_SwapUsedPercent_80_Percent",
      "AlarmDescription": "Alarm of SWAP Memory Utilization Greather than 80 percent of instance: {{ InstanceId }}",
      "ActionsEnabled": "True",
      "MetricName": "swap_used_percent",
      "Namespace": "CWAgent",
      "Statistic": "Average",
      "ExtendedStatistic": "",
      "Dimensions": [
        {
          "Name": "InstanceId",
          "Value": "{{ InstanceId }}"
        }
      ],
      "Period": "60",
      "EvaluationPeriods": "3",
      "DatapointsToAlarm": "3",
      "Threshold": "80",
      "ComparisonOperator": "GreaterThanThreshold"
    },
    {
      "AlarmName": "ITAU_EC2_{{ InstanceId }}_StatusCheckFailed",
      "AlarmDescription": "Alarm of Status Check Failed for instance: {{ InstanceId }}",
      "ActionsEnabled": "True",
      "MetricName": "StatusCheckFailed",
      "Namespace": "AWS/EC2",
      "Statistic": "Average",
      "ExtendedStatistic": "",
      "Dimensions": [
        {
          "Name": "InstanceId",
          "Value": "{{ InstanceId }}"
        }
      ],
      "Period": "60",
      "EvaluationPeriods": "1",
      "DatapointsToAlarm": "1",
      "Threshold": "0",
      "ComparisonOperator": "GreaterThanThreshold"
    },
	{%- for disk in disks %}
    {
      "AlarmName": "ITAU_EC2_{{ InstanceId }}_DiskUsedPercent_90_Path_{{ disk.path }}",
      "AlarmDescription": "Alarm of Disk Utilization of instance: {{ InstanceId }}",
      "ActionsEnabled": "True",
      "OKActions": [],
      "AlarmsActions": [],
      "MetricName": "disk_used_percent",
      "Namespace": "CWAgent",
      "Statistic": "Average",
      "ExtendedStatistic": "",
      "Dimensions": [
        {
          "Name": "path",
          "Value": "{{ disk.path }}"
        },
        {
          "Name": "fstype",
          "Value": "{{ disk.fstype }}"
        },
        {
          "Name": "device",
          "Value": "{{ disk.device }}"
        },
        {
          "Name": "InstanceId",
          "Value": "{{ InstanceId }}"
        }
      ],
      "Period": "60",
      "EvaluationPeriods": "2",
      "DatapointsToAlarm": "2",
      "Threshold": "90",
      "ComparisonOperator": "GreaterThanThreshold"
    }{% if not loop.last %},{% endif %}
	{%- endfor %}
  ]
}