{
    "DocumentName": "${SSMAutomationDocumentName}",
    "Parameters":
    {
        "AutomationAssumeRole":
        [
            "${AutomationAdministrationAssumeRoleArn}"
        ],
        "waitBeforeExecute":
        [
            "true"
        ],
        "activateAlarms":
        [
            "True"
        ]
    },
    "TargetParameterName": "resourceId",
    "Targets":
    [
        {
            "Key": "ParameterValues",
            "Values":
            [
                "<resourceid>"
            ]
        }
    ],
    "Accounts":
    [
        "<accountid>"
    ],
    "Regions":
    [
        "<region>"
    ],
    "ExecutionRoleName": "${AutomationAssumeRoleName}"
}