{
    "awsec2instance":
    {
        "L":
        [
            {
                "M":
                {
                    "policy_filename":
                    {
                        "S": "EC2_Obs_Alarms_Lnx_Standard.json"
                    },
                    "config_type":
                    {
                        "S": "Linux"
                    },
                    "cwagent_config_filename":
                    {
                        "S": "EC2_Obs_CWagent_Lnx_Default.json"
                    },
                    "key":
                    {
                        "S": "default"
                    }
                }
            },
            {
                "M":
                {
                    "policy_filename":
                    {
                        "S": "EC2_Obs_Alarms_Win_Standard.json"
                    },
                    "config_type":
                    {
                        "S": "Windows"
                    },
                    "cwagent_config_filename":
                    {
                        "S": "EC2_Obs_CWagent_Win_Default.json"
                    },
                    "key":
                    {
                        "S": "default"
                    }
                }
            }
        ]
    },
    "awselasticloadbalancingv2loadbalancer":
    {
        "L":
        [
            {
                "M":
                {
                    "policy_filename":
                    {
                        "S": "ALB_Obs_Alarms_Standard.json"
                    },
                    "key":
                    {
                        "S": "default"
                    }
                }
            }
        ]
    },
    "awsautoscalingautoscalinggroup":
    {
        "L":
        [
            {
                "M":
                {
                    "config_type":
                    {
                        "S": "Linux"
                    },
                    "policy_filename":
                    {
                        "S": "ASG_Obs_Alarms_Lnx_Standard.json"
                    },
                    "key":
                    {
                        "S": "default"
                    }
                }
            },
            {
                "M":
                {
                    "config_type":
                    {
                        "S": "Windows"
                    },
                    "policy_filename":
                    {
                        "S": "ASG_Obs_Alarms_Win_Standard.json"
                    },
                    "key":
                    {
                        "S": "default"
                    }
                }
            }
        ]
    },
    "path":
    {
        "S": "default/Obs/"
    },
    "policy_tagValue":
    {
        "S": "default"
    }
}