{
    "Alarms":
    [
        {
            "Id": "Alarm01",
            "Service": "ApiGateway",
            "AlarmConfig":
            {
                "alarm_name": "Apigateway-RoutesPerHTTPAPI-Quota-",
                "alarm_description": "Monitora o total de rotas por API HTTP - {{ resource }}",
                "comparison_operator": "GreaterThanOrEqualToThreshold",
                "evaluation_periods": 1,
                "max_quota_value": 300,
                "current_quota_value": 300,
                "alarm_threshold_percent": 90,
                "period": 300,
                "namespace": "CustomMetrics/ApiGateway",
                "service_quota_name": "ApiGateway",
                "metric_name": "RoutesPerHTTPAPI",
                "statistic": "Sum",
                "alarm_actions": "arn:aws:sns:us-east-1:975399109150:com-Notify-GeneralApp",
                "dimensions": [ { "Name": "ApiId", "Value": "{{ resource }}"} ]
            }
        },
        {
            "Id": "Alarm02",
            "Service": "ApiGateway",
            "AlarmConfig":
            {
                "alarm_name": "Apigateway-StagesPerAPIREST-Quota-",
                "alarm_description": "Monitora o total de estágios por API REST- {{ resource }}",
                "comparison_operator": "GreaterThanOrEqualToThreshold",
                "evaluation_periods": 1,
                "max_quota_value": 10,
                "current_quota_value": 10,
                "alarm_threshold_percent": 90,
                "period": 300,
                "namespace": "CustomMetrics/ApiGateway",
                "service_quota_name": "ApiGateway",
                "metric_name": "StagesPerAPI",
                "statistic": "Sum",
                "alarm_actions": "arn:aws:sns:us-east-1:975399109150:com-Notify-GeneralApp",
                "dimensions": [ { "Name": "ApiId", "Value": "{{ resource }}"} ]
            }
        },
        {
            "Id": "Alarm03",
            "Service": "ApiGateway",
            "AlarmConfig":
            {
                "alarm_name": "Apigateway-StagesPerAPIHTTP-Quota-",
                "alarm_description": "Monitora o total de estágios por API HTTP - {{ resource }}",
                "comparison_operator": "GreaterThanOrEqualToThreshold",
                "evaluation_periods": 1,
                "max_quota_value": 10,
                "current_quota_value": 10,
                "alarm_threshold_percent": 90,
                "period": 300,
                "namespace": "CustomMetrics/ApiGateway",
                "service_quota_name": "ApiGateway",
                "metric_name": "StagesPerAPI",
                "statistic": "Sum",
                "alarm_actions": "arn:aws:sns:us-east-1:975399109150:com-Notify-GeneralApp",
                "dimensions": [ { "Name": "ApiId", "Value": "{{ resource }}"} ]
            }
        },
        {
            "Id": "Alarm04",
            "Service": "ApiGateway",
            "AlarmConfig":
            {
                "alarm_name": "Apigateway-StagesPerAPIWebSocket-Quota-",
                "alarm_description": "Monitora o total de estágios por API WebSocket - {{ resource }}",
                "comparison_operator": "GreaterThanOrEqualToThreshold",
                "evaluation_periods": 1,
                "max_quota_value": 10,
                "current_quota_value": 10,
                "alarm_threshold_percent": 90,
                "period": 300,
                "namespace": "CustomMetrics/ApiGateway",
                "service_quota_name": "ApiGateway",
                "metric_name": "StagesPerAPI",
                "statistic": "Sum",
                "alarm_actions": "arn:aws:sns:us-east-1:975399109150:com-Notify-GeneralApp",
                "dimensions": [ { "Name": "ApiId", "Value": "{{ resource }}"} ]
            }
        },
        {
            "Id": "Alarm05",
            "Service": "ApiGateway",
            "AlarmConfig":
            {
                "alarm_name": "Apigateway-CustomDomainNames-Quota",
                "alarm_description": "Monitora o total de domínios personalizados por conta por região.",
                "comparison_operator": "GreaterThanOrEqualToThreshold",
                "evaluation_periods": 1,
                "max_quota_value": 120,
                "current_quota_value": 120,
                "alarm_threshold_percent": 90,
                "period": 300,
                "namespace": "CustomMetrics/ApiGateway",
                "service_quota_name": "ApiGateway",
                "metric_name": "CustomDomainNames",
                "statistic": "Sum",
                "alarm_actions": "arn:aws:sns:us-east-1:975399109150:com-Notify-GeneralApp"
            }
        },
        {
            "Id": "Alarm06",
            "Service": "ApiGateway",
            "AlarmConfig":
            {
                "alarm_name": "Apigateway-VPCLinks-Quota",
                "alarm_description": "Monitora o total de Links de VPC por conta por região.",
                "comparison_operator": "GreaterThanOrEqualToThreshold",
                "evaluation_periods": 1,
                "max_quota_value": 20,
                "current_quota_value": 20,
                "alarm_threshold_percent": 90,
                "period": 300,
                "namespace": "CustomMetrics/ApiGateway",
                "service_quota_name": "ApiGateway",
                "metric_name": "VPCLinks",
                "statistic": "Sum",
                "alarm_actions": "arn:aws:sns:us-east-1:975399109150:com-Notify-GeneralApp"
            }
        },
        {
            "Id": "Alarm07",
            "Service": "ApiGateway",
            "AlarmConfig":
            {
                "alarm_name": "Apigateway-SubnetsPerVPCLink(V2)-Quota",
                "alarm_description": "Monitora o total de Sub-redes por link de VPC..",
                "comparison_operator": "GreaterThanOrEqualToThreshold",
                "evaluation_periods": 1,
                "max_quota_value": 10,
                "current_quota_value": 10,
                "alarm_threshold_percent": 90,
                "period": 300,
                "namespace": "CustomMetrics/ApiGateway",
                "service_quota_name": "ApiGateway",
                "metric_name": "SubnetsPerVPCLink(V2)",
                "statistic": "Sum",
                "alarm_actions": "arn:aws:sns:us-east-1:975399109150:com-Notify-GeneralApp"
            }
        },
        {
            "Id": "Alarm08",
            "Service": "ApiGateway",
            "AlarmConfig":
            {
                "alarm_name": "Apigateway-RoutesPerWebSocketAPI-Quota-",
                "alarm_description": "Monitora o total de novas conexões por segundo e por conta (em todas as APIs WebSocket) por região -  {{ resource }}",
                "comparison_operator": "GreaterThanOrEqualToThreshold",
                "evaluation_periods": 1,
                "max_quota_value": 500,
                "current_quota_value": 500,
                "alarm_threshold_percent": 90,
                "period": 300,
                "namespace": "CustomMetrics/ApiGateway",
                "service_quota_name": "ApiGateway",
                "metric_name": "RoutesPerWebSocketAPI",
                "statistic": "Sum",
                "alarm_actions": "arn:aws:sns:us-east-1:975399109150:com-Notify-GeneralApp",
                "dimensions": [ { "Name": "ApiId", "Value": "{{ resource }}"} ]
            }
        },
        {
            "Id": "Alarm09",
            "Service": "ApiGateway",
            "AlarmConfig":
            {
                "alarm_name": "Apigateway-ClientCertificates-Quota",
                "alarm_description": "Monitora o total de Certificados de cliente por conta por região",
                "comparison_operator": "GreaterThanOrEqualToThreshold",
                "evaluation_periods": 1,
                "max_quota_value": 60,
                "current_quota_value": 60,
                "alarm_threshold_percent": 90,
                "period": 300,
                "namespace": "CustomMetrics/ApiGateway",
                "service_quota_name": "ApiGateway",
                "metric_name": "ClientCertificates",
                "statistic": "Sum",
                "alarm_actions": "arn:aws:sns:us-east-1:975399109150:com-Notify-GeneralApp"
            }
        },
        {
            "Id": "Alarm09",
            "Service": "ApiGateway",
            "AlarmConfig":
            {
                "alarm_name": "Apigateway-ResourcesPerRESTAPI-Quota-",
                "alarm_description": "Monitora o total de Recursos por API - {{ resource }}",
                "comparison_operator": "GreaterThanOrEqualToThreshold",
                "evaluation_periods": 1,
                "max_quota_value": 300,
                "current_quota_value": 300,
                "alarm_threshold_percent": 90,
                "period": 300,
                "namespace": "CustomMetrics/ApiGateway",
                "service_quota_name": "ApiGateway",
                "metric_name": "ResourcesPerRESTAPI",
                "statistic": "Sum",
                "alarm_actions": "arn:aws:sns:us-east-1:975399109150:com-Notify-GeneralApp",
                "dimensions": [ { "Name": "ApiId", "Value": "{{ resource }}"} ]
            }
        },
        {
            "Id": "Alarm10",
            "Service": "ApiGateway",
            "AlarmConfig":
            {
                "alarm_name": "Apigateway-StagesPerAPI-Quota-",
                "alarm_description": "Monitora os planos de uso por chave de API - {{ resource }}",
                "comparison_operator": "GreaterThanOrEqualToThreshold",
                "evaluation_periods": 1,
                "max_quota_value": 10,
                "current_quota_value": 10,
                "alarm_threshold_percent": 90,
                "period": 300,
                "namespace": "CustomMetrics/ApiGateway",
                "service_quota_name": "ApiGateway",
                "metric_name": "StagesPerAPI",
                "statistic": "Sum",
                "alarm_actions": "arn:aws:sns:us-east-1:975399109150:com-Notify-GeneralApp",
                "dimensions": [ { "Name": "ApiId", "Value": "{{ resource }}"} ]
            }
        },
        {
            "Id": "Alarm11",
            "Service": "ApiGateway",
            "AlarmConfig":
            {
                "alarm_name": "Apigateway-VPCLinks(V2)-Quota",
                "alarm_description": "Monitora o total de Links de VPC por conta por região",
                "comparison_operator": "GreaterThanOrEqualToThreshold",
                "evaluation_periods": 1,
                "max_quota_value": 10,
                "current_quota_value": 10,
                "alarm_threshold_percent": 90,
                "period": 300,
                "namespace": "CustomMetrics/ApiGateway",
                "service_quota_name": "ApiGateway",
                "metric_name": "VPCLinks(V2)",
                "statistic": "Sum",
                "alarm_actions": "arn:aws:sns:us-east-1:975399109150:com-Notify-GeneralApp"
            }
        }
    ]
}