{
    "Alarms":
    [
        {
            "Id": "Alarm01",
            "Service": "DynamoDB",
            "AlarmConfig":
            {
                "alarm_name": "Dynamodb-AccountProvisionedReadCapacityUtilization-Quota",
                "alarm_description": "Monitora a capacidade de leitura das tabelas do DynamoDB da conta.",
                "comparison_operator": "GreaterThanOrEqualToThreshold",
                "evaluation_periods": 1,
                "max_quota_value": 120000,
                "current_quota_value": 80000,
                "alarm_threshold_percent": 90,
                "period": 900,
                "namespace": "AWS/DynamoDB",
                "service_quota_name": "dynamodb",
                "metric_name": "AccountProvisionedReadCapacityUtilization",
                "statistic": "Maximum",
                "unit": "Percent",
                "alarm_actions": "arn:aws:sns:us-east-1:975399109150:com-Notify-GeneralApp"
            }
        },
        {
            "Id": "Alarm02",
            "Service": "DynamoDB",
            "AlarmConfig":
            {
                "alarm_name": "Dynamodb-AccountProvisionedWriteCapacityUtilization-Quota",
                "alarm_description": "Monitora a capacidade de taxa de transferência de gravação das tabelas do DynamoDB da conta.",
                "comparison_operator": "GreaterThanOrEqualToThreshold",
                "evaluation_periods": 1,
                "max_quota_value": 120000,
                "current_quota_value": 80000,
                "alarm_threshold_percent": 90,
                "period": 900,
                "namespace": "AWS/DynamoDB",
                "service_quota_name": "dynamodb",
                "metric_name": "AccountProvisionedWriteCapacityUtilization",
                "statistic": "Maximum",
                "unit": "Percent",
                "alarm_actions": "arn:aws:sns:us-east-1:975399109150:com-Notify-GeneralApp"
            }
        },
        {
            "Id": "Alarm03",
            "Service": "DynamoDB",
            "AlarmConfig":
            {
                "alarm_name": "Dynamodb-MaxProvisionedTableReadCapacityUtilization-Quota",
                "alarm_description": "Monitora a utilização máxima da capacidade de leitura da tabela provisionada.",
                "comparison_operator": "GreaterThanOrEqualToThreshold",
                "evaluation_periods": 1,
                "max_quota_value": 80000,
                "current_quota_value": 40000,
                "alarm_threshold_percent": 90,
                "period": 900,
                "namespace": "AWS/DynamoDB",
                "service_quota_name": "dynamodb",
                "metric_name": "MaxProvisionedTableReadCapacityUtilization",
                "statistic": "Maximum",
                "unit": "Percent",
                "alarm_actions": "arn:aws:sns:us-east-1:975399109150:com-Notify-GeneralApp"
            }
        },
        {
            "Id": "Alarm04",
            "Service": "DynamoDB",
            "AlarmConfig":
            {
                "alarm_name": "Dynamodb-MaxProvisionedTableWriteCapacityUtilization-Quota",
                "alarm_description": "Monitora a utilização máxima da capacidade de gravação da tabela provisionada.",
                "comparison_operator": "GreaterThanOrEqualToThreshold",
                "evaluation_periods": 1,
                "max_quota_value": 80000,
                "current_quota_value": 40000,
                "alarm_threshold_percent": 90,
                "period": 900,
                "namespace": "AWS/DynamoDB",
                "service_quota_name": "dynamodb",
                "metric_name": "MaxProvisionedTableWriteCapacityUtilization",
                "statistic": "Maximum",
                "unit": "Percent",
                "alarm_actions": "arn:aws:sns:us-east-1:975399109150:com-Notify-GeneralApp"
            }
        },
        {
            "Id": "Alarm05",
            "Service": "DynamoDB",
            "AlarmConfig":
            {
                "alarm_name": "Dynamodb-ConsumedReadCapacityUnits-Quota-",
                "alarm_description": "Monitora a capacidade de leitura provisionada da tabela {{ resource }} do DynamoDB. ",
                "comparison_operator": "GreaterThanOrEqualToThreshold",
                "evaluation_periods": 5,
                "max_quota_value": 12,
                "threshold": 12,
                "current_quota_value": 12,
                "alarm_threshold_percent": 90,
                "period": 60,
                "namespace": "AWS/DynamoDB",
                "service_quota_name": "dynamodb",
                "metric_name": "ConsumedReadCapacityUnits",
                "statistic": "Sum",
                "unit": "Count",
                "alarm_actions": "arn:aws:sns:us-east-1:975399109150:com-Notify-GeneralApp",
                "dimensions": [ { "Name": "TableName", "Value": "{{ resource }}"} ]
            }
        },
        {
            "Id": "Alarm06",
            "Service": "DynamoDB",
            "AlarmConfig":
            {
                "alarm_name": "Dynamodb-ConsumedWriteCapacityUnits-Quota-",
                "alarm_description": "Monitora a capacidade de gravação provisionada da tabela {{ resource }} do DynamoDB. ",
                "comparison_operator": "GreaterThanOrEqualToThreshold",
                "evaluation_periods": 5,
                "max_quota_value": 24,
                "threshold": 24,
                "current_quota_value": 24,
                "alarm_threshold_percent": 90,
                "period": 60,
                "namespace": "AWS/DynamoDB",
                "service_quota_name": "dynamodb",
                "metric_name": "ConsumedWriteCapacityUnits",
                "statistic": "Sum",
                "unit": "Count",
                "alarm_actions": "arn:aws:sns:us-east-1:975399109150:com-Notify-GeneralApp",
                "dimensions": [ { "Name": "TableName", "Value": "{{ resource }}"} ]
            }
        },
        {
            "Id": "Alarm07",
            "Service": "DynamoDB",
            "AlarmConfig":
            {
                "alarm_name": "Dynamodb-NumberOfTables-Quota",
                "alarm_description": "Monitora o total de tabelas.",
                "comparison_operator": "GreaterThanOrEqualToThreshold",
                "evaluation_periods": 1,
                "max_quota_value": 256,
                "current_quota_value": 256,
                "alarm_threshold_percent": 90,
                "period": 300,
                "namespace": "CustomMetrics/DynamoDB",
                "service_quota_name": "dynamodb",
                "metric_name": "NumberOfTables",
                "statistic": "Sum",
                "alarm_actions": "arn:aws:sns:us-east-1:975399109150:com-Notify-GeneralApp"
            }
        }
    ]
}