{
    "Alarms":
    [
        {
            "Id": "Alarm01",
            "Service": "EC2",
            "AlarmConfig":
            {
                "alarm_name": "EC2-NumberOfEC2ClassicElasticIPss-Quota",
                "alarm_description": "Monitora se o numero de ips elasticos clássicos existentes esta chegando a 5.",
                "comparison_operator": "GreaterThanOrEqualToThreshold",
                "evaluation_periods": 1,
                "max_quota_value": 5,
                "current_quota_value": 5,
                "alarm_threshold_percent": 80,
                "period": 300,
                "namespace": "CustomMetrics/EC2",
                "service_quota_name": "EC2",
                "metric_name": "NumberOfEC2ClassicElasticIPs",
                "statistic": "Sum",
                "alarm_actions": "arn:aws:sns:us-east-1:975399109150:com-Notify-GeneralApp"
            }
        },
        {
            "Id": "Alarm02",
            "Service": "EC2",
            "AlarmConfig":
            {
                "alarm_name": "EC2-NumberOfEC2VPCElasticIPs-Quota",
                "alarm_description": "Monitora se o numero de ips elasticos existentes para vpc esta chegando a 5",
                "comparison_operator": "GreaterThanOrEqualToThreshold",
                "evaluation_periods": 1,
                "max_quota_value": 5,
                "current_quota_value": 5,
                "alarm_threshold_percent": 80,
                "period": 300,
                "namespace": "CustomMetrics/EC2",
                "service_quota_name": "EC2",
                "metric_name": "NumberOfEC2VPCElasticIPs",
                "statistic": "Sum",
                "alarm_actions": "arn:aws:sns:us-east-1:975399109150:com-Notify-GeneralApp"
            }
        },
        {
            "Id": "Alarm03",
            "Service": "EC2",
            "AlarmConfig":
            {
                "alarm_name": "EC2-NumberOfEC2OnDemandStandardInstances-Quota",
                "alarm_description": "Monitora se o numero de instâncias standard em execução sob demanda existentes esta chegando a 5",
                "comparison_operator": "GreaterThanOrEqualToThreshold",
                "evaluation_periods": 1,
                "max_quota_value": 5,
                "current_quota_value": 640,
                "alarm_threshold_percent": 80,
                "period": 300,
                "namespace": "CustomMetrics/EC2",
                "service_quota_name": "EC2",
                "metric_name": "NumberOfEC2OnDemandStandardInstances",
                "statistic": "Sum",
                "alarm_actions": "arn:aws:sns:us-east-1:975399109150:com-Notify-GeneralApp"
            }
        },
        {
            "Id": "Alarm04",
            "Service": "EC2",
            "AlarmConfig":
            {
                "alarm_name": "EC2-NumberOfEC2OnDemandHighMemoryInstances-Quota",
                "alarm_description": "Monitora o total de instâncias com memória alta sob demanda",
                "comparison_operator": "GreaterThanOrEqualToThreshold",
                "evaluation_periods": 1,
                "max_quota_value": 0,
                "current_quota_value": 448,
                "alarm_threshold_percent": 80,
                "period": 300,
                "namespace": "CustomMetrics/EC2",
                "service_quota_name": "EC2",
                "metric_name": "NumberOfEC2OnDemandHighMemoryInstances",
                "statistic": "Sum",
                "alarm_actions": "arn:aws:sns:us-east-1:975399109150:com-Notify-GeneralApp"
            }
        },
        {
            "Id": "Alarm05",
            "Service": "EC2",
            "AlarmConfig":
            {
                "alarm_name": "EC2-NumberOfEC2OnDemandXInstances-Quota",
                "alarm_description": "Monitora o numero de instâncias X em execução sob demanda",
                "comparison_operator": "GreaterThanOrEqualToThreshold",
                "evaluation_periods": 1,
                "max_quota_value": 0,
                "current_quota_value": 128,
                "alarm_threshold_percent": 80,
                "period": 300,
                "namespace": "CustomMetrics/EC2",
                "service_quota_name": "EC2",
                "metric_name": "NumberOfEC2OnDemandXInstances",
                "statistic": "Sum",
                "alarm_actions": "arn:aws:sns:us-east-1:975399109150:com-Notify-GeneralApp"
            }
        }
    ]
}