{
    "Alarms":
    [
        {
            "Id": "Alarm01",
            "Service": "EC2",
            "AlarmConfig":
            {
                "alarm_name": "EC2-NumberOfEC2ClassicElasticIPss-Quota",
                "alarm_description": "Monitora se o numero de ips elasticos clássicos existentes esta chegando a 5.",
                "comparison_operator": "GreaterThanOrEqualToThreshold",
                "evaluation_periods": 1,
                "max_quota_value": 5,
                "current_quota_value": 5,
                "alarm_threshold_percent": 80,
                "period": 300,
                "namespace": "CustomMetrics/EC2",
                "service_quota_name": "EC2",
                "metric_name": "NumberOfEC2ClassicElasticIPs",
                "statistic": "Sum",
                "alarm_actions": "arn:aws:sns:us-east-1:975399109150:com-Notify-GeneralApp"
            }
        },
        {
            "Id": "Alarm02",
            "Service": "EC2",
            "AlarmConfig":
            {
                "alarm_name": "EC2-NumberOfEC2VPCElasticIPs-Quota",
                "alarm_description": "Monitora se o numero de ips elasticos existentes para vpc esta chegando a 5",
                "comparison_operator": "GreaterThanOrEqualToThreshold",
                "evaluation_periods": 1,
                "max_quota_value": 5,
                "current_quota_value": 5,
                "alarm_threshold_percent": 80,
                "period": 300,
                "namespace": "CustomMetrics/EC2",
                "service_quota_name": "EC2",
                "metric_name": "NumberOfEC2VPCElasticIPs",
                "statistic": "Sum",
                "alarm_actions": "arn:aws:sns:us-east-1:975399109150:com-Notify-GeneralApp"
            }
        },
        {
            "Id": "Alarm03",
            "Service": "EC2",
            "AlarmConfig":
            {
                "alarm_name": "EC2-NumberOfEC2OnDemandStandardInstances-Quota",
                "alarm_description": "Monitora se o numero de instâncias standard em execução sob demanda existentes esta chegando a 5",
                "comparison_operator": "GreaterThanOrEqualToThreshold",
                "evaluation_periods": 1,
                "max_quota_value": 5,
                "current_quota_value": 640,
                "alarm_threshold_percent": 80,
                "period": 300,
                "namespace": "CustomMetrics/EC2",
                "service_quota_name": "EC2",
                "metric_name": "NumberOfEC2OnDemandStandardInstances",
                "statistic": "Sum",
                "alarm_actions": "arn:aws:sns:us-east-1:975399109150:com-Notify-GeneralApp"
            }
        },
        {
            "Id": "Alarm04",
            "Service": "EC2",
            "AlarmConfig":
            {
                "alarm_name": "EC2-NumberOfEC2OnDemandHighMemoryInstances-Quota",
                "alarm_description": "Monitora o total de instâncias com memória alta sob demanda",
                "comparison_operator": "GreaterThanOrEqualToThreshold",
                "evaluation_periods": 1,
                "max_quota_value": 0,
                "current_quota_value": 448,
                "alarm_threshold_percent": 80,
                "period": 300,
                "namespace": "CustomMetrics/EC2",
                "service_quota_name": "EC2",
                "metric_name": "NumberOfEC2OnDemandHighMemoryInstances",
                "statistic": "Sum",
                "alarm_actions": "arn:aws:sns:us-east-1:975399109150:com-Notify-GeneralApp"
            }
        },
        {
            "Id": "Alarm05",
            "Service": "EC2",
            "AlarmConfig":
            {
                "alarm_name": "EC2-NumberOfEC2OnDemandXInstances-Quota",
                "alarm_description": "Monitora o numero de instâncias X em execução sob demanda",
                "comparison_operator": "GreaterThanOrEqualToThreshold",
                "evaluation_periods": 1,
                "max_quota_value": 0,
                "current_quota_value": 128,
                "alarm_threshold_percent": 80,
                "period": 300,
                "namespace": "CustomMetrics/EC2",
                "service_quota_name": "EC2",
                "metric_name": "NumberOfEC2OnDemandXInstances",
                "statistic": "Sum",
                "alarm_actions": "arn:aws:sns:us-east-1:975399109150:com-Notify-GeneralApp"
            }
        },
        {
            "Id": "Alarm06",
            "Service": "EC2",
            "AlarmConfig":
            {
                "alarm_name": "EBS-TotalIOPSProvisionedSSDIO1-Quota",
                "alarm_description": "Monitora a quantidade máxima de IOPS que pode ser provisionada em volumes de SSD de IOPS provisionadas (io1) nesta região.",
                "comparison_operator": "GreaterThanOrEqualToThreshold",
                "evaluation_periods": 1,
                "max_quota_value": 300000,
                "current_quota_value": 300000,
                "alarm_threshold_percent": 90,
                "period": 300,
                "namespace": "CustomMetrics/EBS",
                "service_quota_name": "EBS",
                "metric_name": "TotalIOPSProvisionedSSDIO1",
                "statistic": "Sum",
                "alarm_actions": "arn:aws:sns:us-east-1:975399109150:com-Notify-GeneralApp"
            }
        },
        {
            "Id": "Alarm07",
            "Service": "EC2",
            "AlarmConfig":
            {
                "alarm_name": "EBS-TotalIOPSProvisionedSSDIO2-Quota",
                "alarm_description": "Monitora a quantidade máxima de IOPS que pode ser provisionada em volumes de SSD de IOPS provisionadas (io2) nesta região.",
                "comparison_operator": "GreaterThanOrEqualToThreshold",
                "evaluation_periods": 1,
                "max_quota_value": 300000,
                "current_quota_value": 300000,
                "alarm_threshold_percent": 90,
                "period": 300,
                "namespace": "CustomMetrics/EBS",
                "service_quota_name": "EBS",
                "metric_name": "TotalIOPSProvisionedSSDIO2",
                "statistic": "Sum",
                "alarm_actions": "arn:aws:sns:us-east-1:975399109150:com-Notify-GeneralApp"
            }
        },
        {
            "Id": "Alarm08",
            "Service": "EC2",
            "AlarmConfig":
            {
                "alarm_name": "EBS-TotalProvisionedSSDStorageGP2inGiBs-Quota",
                "alarm_description": "Monitora a quantidade máxima agregada de armazenamento que pode ser provisionada em volumes SSD de uso geral (gp2) nesta região.",
                "comparison_operator": "GreaterThanOrEqualToThreshold",
                "evaluation_periods": 1,
                "max_quota_value": 50,
                "current_quota_value": 50,
                "alarm_threshold_percent": 90,
                "period": 300,
                "namespace": "CustomMetrics/EBS",
                "service_quota_name": "EBS",
                "metric_name": "TotalProvisionedSSDStorageGP2inGiBs",
                "statistic": "Sum",
                "alarm_actions": "arn:aws:sns:us-east-1:975399109150:com-Notify-GeneralApp"
            }
        },
        {
            "Id": "Alarm09",
            "Service": "EC2",
            "AlarmConfig":
            {
                "alarm_name": "EBS-TotalProvisionedSSDStorageGP3inGiBs-Quota",
                "alarm_description": "Monitora a quantidade máxima agregada de armazenamento que pode ser provisionada em volumes SSD de uso geral (gp3) nesta região.",
                "comparison_operator": "GreaterThanOrEqualToThreshold",
                "evaluation_periods": 1,
                "max_quota_value": 50,
                "current_quota_value": 50,
                "alarm_threshold_percent": 90,
                "period": 300,
                "namespace": "CustomMetrics/EBS",
                "service_quota_name": "EBS",
                "metric_name": "TotalProvisionedSSDStorageGP3inGiBs",
                "statistic": "Sum",
                "alarm_actions": "arn:aws:sns:us-east-1:975399109150:com-Notify-GeneralApp"
            }
        },
        {
            "Id": "Alarm10",
            "Service": "EC2",
            "AlarmConfig":
            {
                "alarm_name": "EBS-TotalProvisionedSSDStorageSTANDARDinGiBs-Quota",
                "alarm_description": "Monitora a quantidade máxima agregada de armazenamento que pode ser provisionada em volumes magnéticos (standard) nesta região.",
                "comparison_operator": "GreaterThanOrEqualToThreshold",
                "evaluation_periods": 1,
                "max_quota_value": 50,
                "current_quota_value": 50,
                "alarm_threshold_percent": 90,
                "period": 300,
                "namespace": "CustomMetrics/EBS",
                "service_quota_name": "EBS",
                "metric_name": "TotalProvisionedSSDStorageSTANDARDinGiBs",
                "statistic": "Sum",
                "alarm_actions": "arn:aws:sns:us-east-1:975399109150:com-Notify-GeneralApp"
            }
        },
        {
            "Id": "Alarm11",
            "Service": "EC2",
            "AlarmConfig":
            {
                "alarm_name": "EBS-TotalProvisionedSSDStorageSC1inGiBs-Quota",
                "alarm_description": "Monitora a quantidade máxima agregada de armazenamento que pode ser provisionada em volumes Cold HDD (sc1) nesta região.",
                "comparison_operator": "GreaterThanOrEqualToThreshold",
                "evaluation_periods": 1,
                "max_quota_value": 50,
                "current_quota_value": 50,
                "alarm_threshold_percent": 90,
                "period": 300,
                "namespace": "CustomMetrics/EBS",
                "service_quota_name": "EBS",
                "metric_name": "TotalProvisionedSSDStorageSC1inGiBs",
                "statistic": "Sum",
                "alarm_actions": "arn:aws:sns:us-east-1:975399109150:com-Notify-GeneralApp"
            }
        },
        {
            "Id": "Alarm12",
            "Service": "EC2",
            "AlarmConfig":
            {
                "alarm_name": "EBS-TotalProvisionedSSDStorageIO1inGiBs-Quota",
                "alarm_description": "Monitora a quantidade máxima agregada de armazenamento que pode ser provisionada em volumes SSD de IOPS provisionadas (io1) nesta região.",
                "comparison_operator": "GreaterThanOrEqualToThreshold",
                "evaluation_periods": 1,
                "max_quota_value": 50,
                "current_quota_value": 50,
                "alarm_threshold_percent": 90,
                "period": 300,
                "namespace": "CustomMetrics/EBS",
                "service_quota_name": "EBS",
                "metric_name": "TotalProvisionedSSDStorageIO1inGiBs",
                "statistic": "Sum",
                "alarm_actions": "arn:aws:sns:us-east-1:975399109150:com-Notify-GeneralApp"
            }
        },
        {
            "Id": "Alarm13",
            "Service": "EC2",
            "AlarmConfig":
            {
                "alarm_name": "EBS-TotalProvisionedSSDStorageIO2inGiBs-Quota",
                "alarm_description": "Monitora a quantidade máxima agregada de armazenamento que pode ser provisionada em volumes SSD de IOPS provisionadas (io2) nesta região.",
                "comparison_operator": "GreaterThanOrEqualToThreshold",
                "evaluation_periods": 1,
                "max_quota_value": 20,
                "current_quota_value": 20,
                "alarm_threshold_percent": 90,
                "period": 300,
                "namespace": "CustomMetrics/EBS",
                "service_quota_name": "EBS",
                "metric_name": "TotalProvisionedSSDStorageIO2inGiBs",
                "statistic": "Sum",
                "alarm_actions": "arn:aws:sns:us-east-1:975399109150:com-Notify-GeneralApp"
            }
        },
        {
            "Id": "Alarm14",
            "Service": "EC2",
            "AlarmConfig":
            {
                "alarm_name": "EBS-TotalSnapshotsPerRegion-Quota",
                "alarm_description": "Monitora a quantidade de snapshots por região.",
                "comparison_operator": "GreaterThanOrEqualToThreshold",
                "evaluation_periods": 1,
                "max_quota_value": 100000,
                "current_quota_value": 100000,
                "alarm_threshold_percent": 90,
                "period": 300,
                "namespace": "CustomMetrics/EBS",
                "service_quota_name": "EBS",
                "metric_name": "TotalSnapshotsPerRegion",
                "statistic": "Sum",
                "alarm_actions": "arn:aws:sns:us-east-1:975399109150:com-Notify-GeneralApp"
            }
        }
    ]
}