{
    "Alarms":
    [
        {
            "Id": "Alarm01",
            "Service": "ECS",
            "AlarmConfig":
            {
                "alarm_name": "ECS-ClustersPerAccount-Quota",
                "alarm_description": "Monitora o número máximo de clusters nesta conta na região atual.",
                "comparison_operator": "GreaterThanOrEqualToThreshold",
                "evaluation_periods": 5,
                "max_quota_value": 60,
                "current_quota_value": 10000,
                "alarm_threshold_percent": 90,
                "period": 60,
                "namespace": "CustomMetrics/ECS",
                "service_quota_name": "ECS",
                "metric_name": "ClustersPerAccount",
                "statistic": "Sum",
                "alarm_actions": "arn:aws:sns:us-east-1:975399109150:com-Notify-GeneralApp"
            }
        },
        {
            "Id": "Alarm02",
            "Service": "ECS",
            "AlarmConfig":
            {
                "alarm_name": "ECS-ContainerInstancesPerCluster-Quota-",
                "alarm_description": "Monitora o número máximo de instâncias de contêiner por cluster - {{ resource }}.",
                "comparison_operator": "GreaterThanOrEqualToThreshold",
                "evaluation_periods": 5,
                "max_quota_value": 2000,
                "current_quota_value": 2000,
                "alarm_threshold_percent": 90,
                "period": 60,
                "namespace": "CustomMetrics/ECS",
                "service_quota_name": "ECS",
                "metric_name": "ContainerInstancesPerCluster",
                "statistic": "Sum",
                "alarm_actions": "arn:aws:sns:us-east-1:975399109150:com-Notify-GeneralApp",
                "dimensions": [ { "Name": "Cluster", "Value": "{{ resource }}"} ]
            }
        },
        {
            "Id": "Alarm03",
            "Service": "ECS",
            "AlarmConfig":
            {
                "alarm_name": "ECS-ContainerInstancesPerCluster-Quota-",
                "alarm_description": "Monitora o número máximo de serviços por cluster - {{ resource }}.",
                "comparison_operator": "GreaterThanOrEqualToThreshold",
                "evaluation_periods": 5,
                "max_quota_value": 5000,
                "current_quota_value": 5000,
                "alarm_threshold_percent": 90,
                "period": 60,
                "namespace": "CustomMetrics/ECS",
                "service_quota_name": "ECS",
                "metric_name": "ServicesPerCluster",
                "statistic": "Sum",
                "alarm_actions": "arn:aws:sns:us-east-1:975399109150:com-Notify-GeneralApp",
                "dimensions": [ { "Name": "Cluster", "Value": "{{ resource }}"} ]
            }
        },
        {
            "Id": "Alarm04",
            "Service": "ECS",
            "AlarmConfig":
            {
                "alarm_name": "ECS-TasksPerService-Quota-",
                "alarm_description": "Monitora o número máximo de tarefas por serviço (a contagem desejada) - {{ resource }}.",
                "comparison_operator": "GreaterThanOrEqualToThreshold",
                "evaluation_periods": 5,
                "max_quota_value": 5000,
                "current_quota_value": 5000,
                "alarm_threshold_percent": 90,
                "period": 60,
                "namespace": "CustomMetrics/ECS",
                "service_quota_name": "ECS",
                "metric_name": "TasksPerService",
                "statistic": "Sum",
                "alarm_actions": "arn:aws:sns:us-east-1:975399109150:com-Notify-GeneralApp",
                "dimensions": [ { "Name": "Cluster", "Value": "{{ resource }}"}, { "Name": "Service", "Value": "{{ resource }}"} ]
            }
        }
    ]
}