{
    "Alarms":
    [
        {
            "Id": "Alarm01",
            "Service": "EKS",
            "AlarmConfig":
            {
                "alarm_name": "EKS-NumberOfEKSClusters-Quota",
                "alarm_description": "Monitora o total de clusters EKS",
                "comparison_operator": "GreaterThanOrEqualToThreshold",
                "evaluation_periods": 1,
                "max_quota_value": 100,
                "current_quota_value": 100,
                "alarm_threshold_percent": 80,
                "period": 300,
                "namespace": "CustomMetrics/EKS",
                "service_quota_name": "EKS",
                "metric_name": "NumberOfEKSClusters",
                "statistic": "Sum",
                "alarm_actions": "arn:aws:sns:us-east-1:975399109150:com-Notify-GeneralApp"
            }
        },
        {
            "Id": "Alarm02",
            "Service": "EKS",
            "AlarmConfig":
            {
                "alarm_name": "EKS-NumberOfMaxEKSManagedGroupsPerCluster-Quota",
                "alarm_description": "Monitora o total de grupos de nós gerenciados por cluster",
                "comparison_operator": "GreaterThanOrEqualToThreshold",
                "evaluation_periods": 1,
                "max_quota_value": 30,
                "current_quota_value": 30,
                "alarm_threshold_percent": 80,
                "period": 300,
                "namespace": "CustomMetrics/EKS",
                "service_quota_name": "EKS",
                "metric_name": "NumberOfMaxEKSManagedGroupsPerCluster",
                "statistic": "Sum",
                "alarm_actions": "arn:aws:sns:us-east-1:975399109150:com-Notify-GeneralApp"
            }
        }
    ]
}