{
    "Alarms":
    [
        {
            "Id": "Alarm01",
            "Service": "Elasticache",
            "AlarmConfig":
            {
                "alarm_name": "Elasticache-NumberOfCacheSubnetGroups-Quota",
                "alarm_description": "Monitora o total de subnet groups de cache",
                "comparison_operator": "GreaterThanOrEqualToThreshold",
                "evaluation_periods": 1,
                "max_quota_value": 150,
                "current_quota_value": 1,
                "alarm_threshold_percent": 80,
                "period": 300,
                "namespace": "CustomMetrics/elasticache",
                "service_quota_name": "elasticache",
                "metric_name": "NumberOfCacheSubnetGroups",
                "statistic": "Sum",
                "alarm_actions": "arn:aws:sns:us-east-1:975399109150:com-Notify-GeneralApp"
            }
        }
    ]
}