{
    "Alarms":
    [
        {
            "Id": "Alarm01",
            "Service": "ElasticLoadBalancingV2",
            "AlarmConfig":
            {
                "alarm_name": "ALB-ApplicationLoadBalancersPerRegion-Quota",
                "alarm_description": "Monitora o total de application load balancers na região atual.",
                "comparison_operator": "GreaterThanOrEqualToThreshold",
                "evaluation_periods": 1,
                "max_quota_value": 50,
                "current_quota_value": 50,
                "alarm_threshold_percent": 80,
                "period": 300,
                "namespace": "CustomMetrics/ELBV2",
                "service_quota_name": "ELB",
                "metric_name": "ApplicationLoadBalancersPerRegion",
                "statistic": "Sum",
                "alarm_actions": "arn:aws:sns:us-east-1:975399109150:com-Notify-GeneralApp"
            }
        },
        {
            "Id": "Alarm02",
            "Service": "ElasticLoadBalancingV2",
            "AlarmConfig":
            {
                "alarm_name": "ALB-TargetGroupsPerApplicationLoadBalancer-Quota-",
                "alarm_description": "Monitora o total de target groups por application load balancer do - {{ resource }}",
                "comparison_operator": "GreaterThanOrEqualToThreshold",
                "evaluation_periods": 1,
                "max_quota_value": 5,
                "current_quota_value": 5,
                "alarm_threshold_percent": 90,
                "period": 300,
                "namespace": "CustomMetrics/ELBV2",
                "service_quota_name": "ELB",
                "metric_name": "TargetGroupsPerApplicationLoadBalancer",
                "statistic": "Sum",
                "alarm_actions": "arn:aws:sns:us-east-1:975399109150:com-Notify-GeneralApp",
                "dimensions": [ { "Name": "ELBName", "Value": "{{ resource }}"} ]
            }
        },
        {
            "Id": "Alarm02",
            "Service": "ElasticLoadBalancingV2",
            "AlarmConfig":
            {
                "alarm_name": "NLB-TargetGroupsPerNetworkLoadBalancer-Quota-",
                "alarm_description": "Monitora o total de target groups por network load balancer do - {{ resource }}",
                "comparison_operator": "GreaterThanOrEqualToThreshold",
                "evaluation_periods": 1,
                "max_quota_value": 1,
                "current_quota_value": 1,
                "alarm_threshold_percent": 90,
                "period": 300,
                "namespace": "CustomMetrics/ELBV2",
                "service_quota_name": "ELB",
                "metric_name": "TargetGroupsPerNetworkLoadBalancer",
                "statistic": "Sum",
                "alarm_actions": "arn:aws:sns:us-east-1:975399109150:com-Notify-GeneralApp",
                "dimensions": [ { "Name": "ELBName", "Value": "{{ resource }}"} ]
            }
        }
    ]
}