{
    "Alarms":
    [
        {
            "Id": "Alarm01",
            "Service": "Lambda",
            "AlarmConfig":
            {
                "alarm_name": "Lambda-ConcurrentExecutions-Quota",
                "alarm_description": "Monitora o total de execuções simultâneas do Lambda para uma determinada região.",
                "comparison_operator": "GreaterThanOrEqualToThreshold",
                "evaluation_periods": 3,
                "max_quota_value": 2600,
                "current_quota_value": 2500,
                "alarm_threshold_percent": 80,
                "period": 300,
                "namespace": "AWS/Lambda",
                "service_quota_name": "lambda",
                "metric_name": "ConcurrentExecutions",
                "statistic": "Maximum",
                "alarm_actions": "arn:aws:sns:us-east-1:975399109150:com-Notify-GeneralApp"
            }
        },
        {
            "Id": "Alarm02",
            "Service": "Lambda",
            "AlarmConfig":
            {
                "alarm_name": "Lambda-LambdaEnisPerVpc-Quota",
                "alarm_description": "Monitora o total de ENIs em uso pelas funções do Lambda na VPC padrão",
                "comparison_operator": "GreaterThanOrEqualToThreshold",
                "evaluation_periods": 5,
                "max_quota_value": 500,
                "current_quota_value": 250,
                "alarm_threshold_percent": 80,
                "period": 60,
                "namespace": "CustomMetrics/Lambda",
                "service_quota_name": "lambda",
                "metric_name": "LambdaEnisPerVpc",
                "statistic": "Maximum",
                "alarm_actions": "arn:aws:sns:us-east-1:975399109150:com-Notify-GeneralApp"
            }
        },
        {
            "Id": "Alarm03",
            "Service": "Lambda",
            "AlarmConfig":
            {
                "alarm_name": "Lambda-Duration-Quota-",
                "alarm_description": "Monitora o tempo de execução de uma determinada função da Lambda {{ resource }}",
                "comparison_operator": "GreaterThanOrEqualToThreshold",
                "evaluation_periods": 3,
                "max_quota_value": 900,
                "current_quota_value": 1000,
                "alarm_threshold_percent": 90,
                "period": 300,
                "namespace": "AWS/Lambda",
                "service_quota_name": "Lambda",
                "metric_name": "Duration",
                "statistic": "Average",
                "alarm_actions": "arn:aws:sns:us-east-1:975399109150:com-Notify-GeneralApp",
                "dimensions": [ { "Name": "FunctionName", "Value": "{{ resource }}"} ]
            }
        }
    ]
}