{
    "Alarms":
    [
        {
            "Id": "Alarm01",
            "Service": "MSK",
            "AlarmConfig":
            {
                "alarm_name": "MSK-NumberOfBrokersPerAccount-Quota",
                "alarm_description": "Monitora o total de Brokers per Account",
                "comparison_operator": "GreaterThanOrEqualToThreshold",
                "evaluation_periods": 1,
                "max_quota_value": 200,
                "current_quota_value": 90,
                "alarm_threshold_percent": 90,
                "period": 300,
                "namespace": "CustomMetrics/MSK",
                "service_quota_name": "MSK",
                "metric_name": "NumberOfBrokersPerAccount",
                "statistic": "Maximum",
                "alarm_actions": "arn:aws:sns:us-east-1:975399109150:com-Notify-GeneralApp"
            }
        },
        {
            "Id": "Alarm02",
            "Service": "MSK",
            "AlarmConfig":
            {
                "alarm_name": "MSK-NumberOfBrokersPerCluster-Quota",
                "alarm_description": "Monitora o total de Brokers per Cluster",
                "comparison_operator": "GreaterThanOrEqualToThreshold",
                "evaluation_periods": 1,
                "max_quota_value": 200,
                "current_quota_value": 30,
                "alarm_threshold_percent": 90,
                "period": 300,
                "namespace": "CustomMetrics/MSK",
                "service_quota_name": "MSK",
                "metric_name": "NumberOfBrokersPerCluster",
                "statistic": "Maximum",
                "alarm_actions": "arn:aws:sns:us-east-1:975399109150:com-Notify-GeneralApp"
            }
        },
        {
            "Id": "Alarm03",
            "Service": "MSK",
            "AlarmConfig":
            {
                "alarm_name": "MSK-NumberOfConfigurationPerAccount-Quota",
                "alarm_description": "Monitora o total de Configurations per Account",
                "comparison_operator": "GreaterThanOrEqualToThreshold",
                "evaluation_periods": 1,
                "max_quota_value": 200,
                "current_quota_value": 100,
                "alarm_threshold_percent": 90,
                "period": 300,
                "namespace": "CustomMetrics/MSK",
                "service_quota_name": "MSK",
                "metric_name": "NumberOfConfigurationPerAccount",
                "statistic": "Maximum",
                "alarm_actions": "arn:aws:sns:us-east-1:975399109150:com-Notify-GeneralApp"
            }
        },
        {
            "Id": "Alarm04",
            "Service": "MSK",
            "AlarmConfig":
            {
                "alarm_name": "MSK-NumberOfRevisionsPerConfiguration-Quota",
                "alarm_description": "Monitora o total de Revisions per Configuration",
                "comparison_operator": "GreaterThanOrEqualToThreshold",
                "evaluation_periods": 1,
                "max_quota_value": 200,
                "current_quota_value": 50,
                "alarm_threshold_percent": 90,
                "period": 300,
                "namespace": "CustomMetrics/MSK",
                "service_quota_name": "MSK",
                "metric_name": "NumberOfRevisionsPerConfiguration",
                "statistic": "Maximum",
                "alarm_actions": "arn:aws:sns:us-east-1:975399109150:com-Notify-GeneralApp"
            }
        }
    ]
}