{
    "Alarms":
    [
        {
            "Id": "Alarm01",
            "Service": "RDS",
            "AlarmConfig":
            {
                "alarm_name": "RDS-DBInstances-Quota",
                "alarm_description": "Monitora o total de instâncias RDS",
                "comparison_operator": "GreaterThanOrEqualToThreshold",
                "evaluation_periods": 1,
                "max_quota_value": 40,
                "current_quota_value": 40,
                "alarm_threshold_percent": 90,
                "period": 900,
                "namespace": "CustomMetrics/Rds",
                "service_quota_name": "rds",
                "metric_name": "DBInstances",
                "statistic": "Sum",
                "alarm_actions": "arn:aws:sns:us-east-1:975399109150:com-Notify-GeneralApp"
            }
        },
        {
            "Id": "Alarm02",
            "Service": "RDS",
            "AlarmConfig":
            {
                "alarm_name": "RDS-DBSubnetGroups-Quota",
                "alarm_description": "Monitora o total de grupos de subnets de banco de dados RDS",
                "comparison_operator": "GreaterThanOrEqualToThreshold",
                "evaluation_periods": 1,
                "max_quota_value": 50,
                "current_quota_value": 50,
                "alarm_threshold_percent": 90,
                "period": 900,
                "namespace": "CustomMetrics/Rds",
                "service_quota_name": "rds",
                "metric_name": "DBSubnetGroups",
                "statistic": "Sum",
                "alarm_actions": "arn:aws:sns:us-east-1:975399109150:com-Notify-GeneralApp"
            }
        },
        {
            "Id": "Alarm03",
            "Service": "RDS",
            "AlarmConfig":
            {
                "alarm_name": "RDS-Proxies-Quota",
                "alarm_description": "Monitora o total de RDS Proxies",
                "comparison_operator": "GreaterThanOrEqualToThreshold",
                "evaluation_periods": 1,
                "max_quota_value": 20,
                "current_quota_value": 20,
                "alarm_threshold_percent": 90,
                "period": 900,
                "namespace": "CustomMetrics/Rds",
                "service_quota_name": "rds",
                "metric_name": "Proxies",
                "statistic": "Sum",
                "alarm_actions": "arn:aws:sns:us-east-1:975399109150:com-Notify-GeneralApp"
            }
        },
        {
            "Id": "Alarm04",
            "Service": "RDS",
            "AlarmConfig":
            {
                "alarm_name": "RDS-SecurityGroups-Quota",
                "alarm_description": "Monitora o total de RDS Security Groups",
                "comparison_operator": "GreaterThanOrEqualToThreshold",
                "evaluation_periods": 1,
                "max_quota_value": 25,
                "current_quota_value": 25,
                "alarm_threshold_percent": 90,
                "period": 900,
                "namespace": "CustomMetrics/Rds",
                "service_quota_name": "rds",
                "metric_name": "SecurityGroups",
                "statistic": "Sum",
                "alarm_actions": "arn:aws:sns:us-east-1:975399109150:com-Notify-GeneralApp"
            }
        },
        {
            "Id": "Alarm05",
            "Service": "RDS",
            "AlarmConfig":
            {
                "alarm_name": "RDS-DBClusters-Quota",
                "alarm_description": "Monitora o total de clusters RDS",
                "comparison_operator": "GreaterThanOrEqualToThreshold",
                "evaluation_periods": 1,
                "max_quota_value": 40,
                "current_quota_value": 40,
                "alarm_threshold_percent": 90,
                "period": 900,
                "namespace": "CustomMetrics/Rds",
                "service_quota_name": "rds",
                "metric_name": "DBClusters",
                "statistic": "Sum",
                "alarm_actions": "arn:aws:sns:us-east-1:975399109150:com-Notify-GeneralApp"
            }
        },
        {
            "Id": "Alarm06",
            "Service": "RDS",
            "AlarmConfig":
            {
                "alarm_name": "RDS-EventSubscriptions-Quota",
                "alarm_description": "Monitora o total de assinaturas de eventos",
                "comparison_operator": "GreaterThanOrEqualToThreshold",
                "evaluation_periods": 1,
                "max_quota_value": 20,
                "current_quota_value": 20,
                "alarm_threshold_percent": 90,
                "period": 900,
                "namespace": "CustomMetrics/Rds",
                "service_quota_name": "rds",
                "metric_name": "EventSubscriptions",
                "statistic": "Sum",
                "alarm_actions": "arn:aws:sns:us-east-1:975399109150:com-Notify-GeneralApp"
            }
        },
        {
            "Id": "Alarm07",
            "Service": "RDS",
            "AlarmConfig":
            {
                "alarm_name": "RDS-IAMRolesPerDBCluster-Quota-",
                "alarm_description": "Monitora o total de funções do IAM por cluster de banco de dados - {{ resource }}",
                "comparison_operator": "GreaterThanOrEqualToThreshold",
                "evaluation_periods": 1,
                "max_quota_value": 5,
                "current_quota_value": 5,
                "alarm_threshold_percent": 90,
                "period": 900,
                "namespace": "CustomMetrics/Rds",
                "service_quota_name": "rds",
                "metric_name": "IAMRolesPerDBCluster",
                "statistic": "Sum",
                "alarm_actions": "arn:aws:sns:us-east-1:975399109150:com-Notify-GeneralApp",
                "dimensions": [ { "Name": "Cluster", "Value": "{{ resource }}"} ]
            }
        },
        {
            "Id": "Alarm08",
            "Service": "RDS",
            "AlarmConfig":
            {
                "alarm_name": "RDS-IAMRolesPerDBInstance-Quota-",
                "alarm_description": "Monitora o total de funções do IAM por instância de banco de dados - {{ resource }}",
                "comparison_operator": "GreaterThanOrEqualToThreshold",
                "evaluation_periods": 1,
                "max_quota_value": 5,
                "current_quota_value": 5,
                "alarm_threshold_percent": 90,
                "period": 900,
                "namespace": "CustomMetrics/Rds",
                "service_quota_name": "rds",
                "metric_name": "IAMRolesPerDBInstance",
                "statistic": "Sum",
                "alarm_actions": "arn:aws:sns:us-east-1:975399109150:com-Notify-GeneralApp",
                "dimensions": [ { "Name": "Instance", "Value": "{{ resource }}"} ]
            }
        },
        {
            "Id": "Alarm09",
            "Service": "RDS",
            "AlarmConfig":
            {
                "alarm_name": "RDS-ManualDBClusterSnapshots-Quota",
                "alarm_description": "Monitora o total de snapshots de cluster de banco de dados manual",
                "comparison_operator": "GreaterThanOrEqualToThreshold",
                "evaluation_periods": 1,
                "max_quota_value": 100,
                "current_quota_value": 100,
                "alarm_threshold_percent": 90,
                "period": 900,
                "namespace": "CustomMetrics/Rds",
                "service_quota_name": "rds",
                "metric_name": "ManualDBClusterSnapshots",
                "statistic": "Sum",
                "alarm_actions": "arn:aws:sns:us-east-1:975399109150:com-Notify-GeneralApp"
            }
        },
        {
            "Id": "Alarm10",
            "Service": "RDS",
            "AlarmConfig":
            {
                "alarm_name": "RDS-ManualDBInstanceSnapshots-Quota-",
                "alarm_description": "Monitora o total de snapshots manuais da instância de banco de dados - {{ resource }}",
                "comparison_operator": "GreaterThanOrEqualToThreshold",
                "evaluation_periods": 1,
                "max_quota_value": 100,
                "current_quota_value": 100,
                "alarm_threshold_percent": 90,
                "period": 900,
                "namespace": "CustomMetrics/Rds",
                "service_quota_name": "rds",
                "metric_name": "ManualDBInstanceSnapshots",
                "statistic": "Sum",
                "alarm_actions": "arn:aws:sns:us-east-1:975399109150:com-Notify-GeneralApp",
                "dimensions": [ { "Name": "Instance", "Value": "{{ resource }}"} ]
            }
        },
        {
            "Id": "Alarm11",
            "Service": "RDS",
            "AlarmConfig":
            {
                "alarm_name": "RDS-OptionGroups-Quota",
                "alarm_description": "Monitora o total de snapshots manuais da instância de banco de dados",
                "comparison_operator": "GreaterThanOrEqualToThreshold",
                "evaluation_periods": 1,
                "max_quota_value": 20,
                "current_quota_value": 20,
                "alarm_threshold_percent": 90,
                "period": 900,
                "namespace": "CustomMetrics/Rds",
                "service_quota_name": "rds",
                "metric_name": "OptionGroups",
                "statistic": "Sum",
                "alarm_actions": "arn:aws:sns:us-east-1:975399109150:com-Notify-GeneralApp"
            }
        },
        {
            "Id": "Alarm12",
            "Service": "RDS",
            "AlarmConfig":
            {
                "alarm_name": "RDS-ParameterGroups-Quota",
                "alarm_description": "Monitora o total de grupos de parâmetros",
                "comparison_operator": "GreaterThanOrEqualToThreshold",
                "evaluation_periods": 1,
                "max_quota_value": 50,
                "current_quota_value": 50,
                "alarm_threshold_percent": 90,
                "period": 900,
                "namespace": "CustomMetrics/Rds",
                "service_quota_name": "rds",
                "metric_name": "ParameterGroups",
                "statistic": "Sum",
                "alarm_actions": "arn:aws:sns:us-east-1:975399109150:com-Notify-GeneralApp"
            }
        },
        {
            "Id": "Alarm13",
            "Service": "RDS",
            "AlarmConfig":
            {
                "alarm_name": "RDS-ReservedDBInstances-Quota",
                "alarm_description": "Monitora o total de instâncias de bancos de dados reservadas",
                "comparison_operator": "GreaterThanOrEqualToThreshold",
                "evaluation_periods": 1,
                "max_quota_value": 40,
                "current_quota_value": 40,
                "alarm_threshold_percent": 90,
                "period": 900,
                "namespace": "CustomMetrics/Rds",
                "service_quota_name": "rds",
                "metric_name": "ReservedDBInstances",
                "statistic": "Sum",
                "alarm_actions": "arn:aws:sns:us-east-1:975399109150:com-Notify-GeneralApp"
            }
        },
        {
            "Id": "Alarm14",
            "Service": "RDS",
            "AlarmConfig":
            {
                "alarm_name": "RDS-TotalStorageForAllDBInstances-Quota",
                "alarm_description": "Monitora o total de instâncias de bancos de dados reservadas",
                "comparison_operator": "GreaterThanOrEqualToThreshold",
                "evaluation_periods": 1,
                "max_quota_value": 100000,
                "current_quota_value": 100000,
                "alarm_threshold_percent": 90,
                "period": 900,
                "namespace": "CustomMetrics/Rds",
                "service_quota_name": "rds",
                "metric_name": "TotalStorageForAllDBInstances",
                "statistic": "Sum",
                "alarm_actions": "arn:aws:sns:us-east-1:975399109150:com-Notify-GeneralApp"
            }
        }
    ]
}