{
    "Alarms":
    [
        {
            "Id": "Alarm01",
            "Service": "S3",
            "AlarmConfig":
            {
                "alarm_name": "S3-NumberOfS3Buckets-Quota",
                "alarm_description": "Monitora o total de buckets S3",
                "comparison_operator": "GreaterThanOrEqualToThreshold",
                "evaluation_periods": 1,
                "max_quota_value": 200,
                "current_quota_value": 100,
                "alarm_threshold_percent": 80,
                "period": 300,
                "namespace": "CustomMetrics/S3",
                "service_quota_name": "S3",
                "metric_name": "NumberOfS3Buckets",
                "statistic": "Sum",
                "alarm_actions": "arn:aws:sns:us-east-1:975399109150:com-Notify-GeneralApp"
            }
        },
        {
            "Id": "Alarm02",
            "Service": "S3",
            "AlarmConfig":
            {
                "alarm_name": "S3-NumberOfS3AccessPointPerAccount-Quota",
                "alarm_description": "Monitora o total de pontos de acesso S3",
                "comparison_operator": "GreaterThanOrEqualToThreshold",
                "evaluation_periods": 1,
                "max_quota_value": 1000,
                "current_quota_value": 1000,
                "alarm_threshold_percent": 80,
                "period": 300,
                "namespace": "CustomMetrics/S3",
                "service_quota_name": "S3",
                "metric_name": "NumberOfS3AccessPointPerAccount",
                "statistic": "Sum",
                "alarm_actions": "arn:aws:sns:us-east-1:975399109150:com-Notify-GeneralApp"
            }
        }
    ]
}