{
    "Alarms":
    [
        {
            "Id": "Alarm01",
            "Service": "EC2",
            "AlarmConfig":
            {
                "alarm_name": "SNS-NumberOfMessagesPublishedPerMinute-Quota",
                "alarm_description": "Monitora o total de mensagens publicadas por minuto nos tópicos do SNS de uma determinada região.",
                "comparison_operator": "GreaterThanOrEqualToThreshold",
                "evaluation_periods": 1,
                "max_quota_value": 600,
                "current_quota_value": 300,
                "alarm_threshold_percent": 80,
                "period": 300,
                "namespace": "CustomMetrics/SNS",
                "service_quota_name": "sns",
                "metric_name": "NumberOfMessagesPublishedPerMinute",
                "statistic": "Sum",
                "alarm_actions": "arn:aws:sns:us-east-1:975399109150:com-Notify-GeneralApp"
            }
        }
    ]
}